periodo,year,mes,inflacion_mes,inflacion_diciembre,inflacion_interanual,inflacion_diciembre2,inflacion_interanual2,tc_mes,tc_diciembre,tc_interanual,tc_diciembre2,tc_interanual2,pib_trimestre,pib_diciembre,pib_diciembre2,tpm_mes,tpm_trimestre,tpm_diciembre,tpm_interanual,tpm_interanual2,tc_diciembre_v,tc_interanual_v,tc_diciembre2_v,tc_interanual2_v
2009-06-01,2009,6,0.476428571428571,4.61214285714286,5.54428571428571,6.58428571428571,,36.1378571428571,37.6471428571429,38.6742857142857,39.7635714285714,,0.799166666666667,1.70461538461538,3.62083333333333,,,,,,6.3779114358374,7.02098270862983,5.55500480118971,
2009-07-01,2009,7,0.714285714285714,5.63733333333333,6.61769230769231,7.26466666666667,,36.1484285714286,37.5968533333333,38.8857142857143,40.0166666666667,,1.34857142857143,1.33066666666667,3.54333333333333,,,,,,6.23581049260619,7.57239259431506,6.35476391610075,
2009-08-01,2009,8,0.653571428571429,5.66133333333333,6.82,7.08933333333333,,36.1442857142857,37.1613333333333,38.6248285714286,39.7363933333333,,1.24857142857143,1.56066666666667,3.5,,,,,,5.00518037110295,6.86667571332626,6.86222453135946,
2009-09-01,2009,9,0.671538461538462,5.93357142857143,6.33461538461538,7.10285714285714,,36.3676923076923,37.5035714285714,38.9437846153846,39.6761357142857,,1.59833333333333,1.90428571428571,3.70714285714286,,,,,,5.97222782868445,7.09722754286916,5.7539474466432,
2009-10-01,2009,10,0.659166666666667,6.01076923076923,6.26666666666667,7.00923076923077,,36.2225,37.0976923076923,38.829575,39.3427076923077,,2.249,2.18666666666667,4.16083333333333,4,3.875,4.65083333333333,,,4.82535266372508,7.20498012332405,6.01671963771201,
2009-11-01,2009,11,0.51,5.51166666666667,6.32636363636364,6.955,,36.1545454545455,36.3666666666667,38.5205545454545,38.6021,,2.1275,1.91363636363636,3.83909090909091,4,3.91666666666667,5.505,,,2.75972496938872,6.53990412215379,6.12654950806791,
2009-12-01,2009,12,0.588,6.10636363636364,6.876,7.22181818181818,,36.2581818181818,36.2581818181818,38.3883818181818,38.3881818181818,,1.73777777777778,2.34,3.93,4,3.9,4.82888888888889,,,2.45318400164402,5.87884950718314,5.87829702099529,
2010-01-01,2010,1,0.842727272727273,7.21818181818182,7.01363636363636,6.82545454545455,,36.3697454545455,38.2307363636364,38.4965090909091,39.9725181818182,,3.838,4.22818181818182,4.66727272727273,4.1,4.3,5.96333333333333,,,5.84367764018928,5.85613520687234,4.42627366260576,
2010-02-01,2010,2,0.785384615384615,7.06571428571429,7.01384615384615,6.72857142857143,,36.5453846153846,38.1570142857143,38.5177923076923,39.9946857142857,,3.63166666666667,4.6,5.29285714285714,4.02083333333333,4.025,5.335,,,5.63957443442494,5.42759695908678,4.71871348461217,
2010-03-01,2010,3,0.706875,7.00705882352941,6.2825,6.53941176470588,,36.41875,37.8783705882353,38.223725,39.5094294117647,,3.24533333333333,4.30882352941176,5.16470588235294,4.01666666666667,4.01875,5.19529411764706,,,4.86813562634356,4.95716302419655,4.23328487795809,
2010-04-01,2010,4,0.625294117647059,7.14944444444444,6.63529411764706,6.775,,36.5052941176471,37.8455777777778,38.5316588235294,39.6933111111111,,4.15333333333333,4.67411764705882,5.17352941176471,4,4.221875,4.98941176470588,,,4.77734711455642,5.55178761200357,4.81957610113787,
2010-05-01,2010,5,0.496470588235294,7.17333333333333,7.51941176470588,7.16944444444444,,36.7623529411765,38.1938888888889,38.9370882352941,40.0735555555556,,5.0866666666666696,5.17235294117647,5.52941176470588,4.06666666666667,4.32352941176471,5.02470588235294,,,5.74166359050081,5.91450494777717,4.85241288163713,
2010-06-01,2010,6,0.761428571428571,7.118,6.97142857142857,6.96333333333333,,36.865,38.446,39.0392857142857,39.966,,5.00833333333333,5.51285714285714,5.67857142857143,4.07692307692308,4.11071428571429,4.71928571428571,,,6.43964562569215,5.90120602779414,3.85579493300663,
2010-07-01,2010,7,0.4875,6.53176470588235,6.27625,6.37588235294118,,36.9398625,38.1109823529412,38.8622375,39.6947588235294,,4.44285714285714,5.45588235294118,5.45470588235294,4,4.24117647058824,4.65705882352941,,,5.51213276008078,5.20183921633812,4.06617918611792,
2010-08-01,2010,8,0.479166666666667,6.52071428571429,6.68583333333333,6.42714285714286,,37.035,37.8792214285714,39.0895,39.72735,,4.96818181818182,5.50214285714286,5.14285714285714,4,4.17307692307692,4.58357142857143,,,4.87049121974372,5.54779298037368,4.78759939197259,
2010-09-01,2010,9,0.425833333333333,6.33692307692308,6.53916666666667,6.41615384615385,,37.1666666666667,37.8321846153846,39.0259583333333,39.7104538461538,,4.48090909090909,5.46230769230769,5.09230769230769,4.08333333333333,4.16923076923077,4.67307692307692,,,4.74026748445354,5.00835136431401,4.8662343499335,
2010-10-01,2010,10,0.537333333333333,6.498125,6.57857142857143,6.12375,,37.4105785714286,37.89736875,39.2003214285714,39.727875,,4.21923076923077,5.669375,5.124375,4.71666666666667,4.98466666666667,4.74714285714286,,,4.92073297342193,4.79297453464808,4.74851349079119,
2010-11-01,2010,11,0.680714285714286,6.54,6.59642857142857,6.77733333333333,,37.3757142857143,37.6593333333333,38.8792857142857,39.104,,4.79928571428571,6.36866666666667,5.426,5.08461538461538,5.37333333333333,5.48,,,4.26172019195276,4.00724139396891,3.81143786469263,
2010-12-01,2010,12,0.577692307692308,6.04857142857143,6.36,6.46214285714286,,37.3810071428571,37.3810071428571,39.3967142857143,39.3967142857143,,5.27,6.59857142857143,5.34214285714286,5.04166666666667,5.03692307692308,5.07307692307692,,,3.49116041765543,5.40413436618868,5.40413436618868,
2011-01-01,2011,1,0.93,6.555,6.42882352941176,6.24722222222222,,37.5055705882353,39.1813705882353,38.9673222222222,40.5076555555556,,4.95411764705882,5.76833333333333,5.93833333333333,5.046875,5.38166666666667,6.16444444444444,,,4.37232442257671,3.89205366958445,3.26311284478051,
2011-02-01,2011,2,0.868571428571429,6.51266666666667,6.45857142857143,6.22333333333333,,37.8357642857143,39.2696785714286,38.9399533333333,40.5314466666667,,4.81692307692308,5.65333333333333,6.3,5.08928571428571,5.47,6.296,,,4.60756145825405,3.00092878338867,3.38294051742408,
2011-03-01,2011,3,1.00333333333333,7.28846153846154,6.9758333333333304,6.62615384615385,,37.8693846153846,39.3586615384615,38.97965,41.5510928571429,,4.71833333333333,5.5,6.08571428571429,5.97916666666667,5.94846153846154,7.28142857142857,,,4.84459653292898,2.92511617305875,5.82779736837521,
2011-04-01,2011,4,0.948125,7.83411764705882,7.3275,6.42529411764706,,37.98469375,39.5659125,39.1371176470588,40.8248647058824,,4.48785714285714,5.38125,5.8375,6.31666666666667,6.86133333333333,7.68375,,,5.39667687799681,3.05406266980173,3.29090664640019,
2011-05-01,2011,5,0.698333333333333,7.62615384615385,6.95833333333333,6.19076923076923,,38.0816666666667,39.9464583333333,39.2598384615385,41.1031384615385,,4.453,5.2825,6.04166666666667,6.77272727272727,7.02272727272727,7.8125,,,6.41038447877819,3.15265017671168,3.14942152439041,
2011-06-01,2011,6,0.513076923076923,7.76214285714286,7.27692307692308,6.24142857142857,,38.3437153846154,40.1624076923077,39.3417214285714,41.1087071428571,,3.99833333333333,5.06571428571429,5.83571428571429,6.78846153846154,7.20769230769231,7.62142857142857,,,6.98563583459695,2.47353883625653,2.37880432231218,
2011-07-01,2011,7,0.718333333333333,7.85692307692308,7.225,6.17692307692308,,38.3150166666667,40.1654833333333,39.2469230769231,40.6711461538462,,3.83636363636364,4.89666666666667,5.42916666666667,6.9,7.1,7.5625,,,6.9938288048304,2.5884262465754,1.42916881912681,
2011-08-01,2011,8,0.585714285714286,8.2,7.35,6.56933333333333,,38.3840214285714,40.4600285714286,39.3397533333333,41.0983733333333,,3.9775,4.5,5.1,6.81416666666667,6.87307692307692,7.17142857142857,,,7.77844584823807,2.54415866303054,1.64954984234376,
2011-09-01,2011,9,0.545833333333333,8.65230769230769,7.42333333333333,5.98230769230769,,38.4122833333333,40.3739,39.1292769230769,41.2231923076923,,4.175,4.4625,5.08,6.85,6.88636363636364,7.22916666666667,,,7.54901438465637,1.79655105742949,2.14585887510888,
2011-10-01,2011,10,0.251875,8.30882352941176,6.900625,6.33411764705882,,38.4202875,39.17003125,39.6063882352941,40.6820411764706,,4.36428571428571,4.496875,5.050625,6.75,6.80333333333333,6.9875,,,4.3421184070325,3.19206537972426,3.88971154743105,
2011-11-01,2011,11,0.306923076923077,8.4,7.31461538461538,6.06142857142857,,38.5767769230769,39.1055214285714,40.8383923076923,41.34715,,4.37,4.30642857142857,4.70857142857143,6.75,6.78571428571429,7.01785714285714,,,4.17027551564046,5.86626587288736,5.73174190306576,
2011-12-01,2011,12,0.38,8.08571428571429,6.30384615384615,6.095,,38.7058166666667,38.7549857142857,40.7186307692308,40.8458714285714,,4.73181818181818,4.40769230769231,4.72076923076923,6.75,6.72916666666667,6.75,,,3.23650962782556,4.92520075167224,5.37634063620708,
2012-01-01,2012,1,0.535882352941176,6.50777777777778,7.21294117647059,6.25944444444444,,39.0081,40.7333388888889,41.0164588235294,42.2976722222222,,4.27266666666667,4.61941176470588,5.36588235294118,6.734375,6.645625,7.29705882352941,,,4.92874520579312,5.12150839836191,3.77300342260302,
2012-02-01,2012,2,0.407692307692308,6.62714285714286,6.52615384615385,6.07142857142857,,39.1064,40.6363785714286,41.1531384615385,42.4667230769231,,3.91666666666667,4.58153846153846,5.27076923076923,6.75,6.79166666666667,7.46153846153846,,,4.67897622727607,5.23426924664612,4.46682336312214,
2012-03-01,2012,3,0.521538461538462,6.57615384615385,6.39461538461538,6.09,,39.1655076923077,41.0527615384615,41.4659,42.8742153846154,,4.25,4.67166666666667,5.24833333333333,6.72916666666667,6.77083333333333,7.58333333333333,,,5.75157531803591,5.85937690846933,4.37856544532716,
2012-04-01,2012,4,0.42,6.30916666666667,6.15666666666667,6.15166666666667,,39.2204916666667,41.2569333333333,41.572575,43.285075,,3.95,4.41090909090909,5.20545454545455,6.72727272727273,6.70454545454546,7.29545454545455,,,6.27752017860209,6.00471763600747,4.89423790330994,
2012-05-01,2012,5,0.373333333333333,5.84083333333333,5.9133333333333304,5.825,,39.058175,40.9033083333333,41.5143333333333,42.8803833333333,,4.365,4.72,5.26909090909091,6.72727272727273,6.65909090909091,7.11363636363636,,,5.36658509359437,6.28708227102029,4.81525642375653,
2012-06-01,2012,6,0.43,5.36181818181818,5.81636363636364,5.55545454545455,,38.8168909090909,40.6634363636364,41.2905272727273,42.0540909090909,,4.16777777777778,4.562,4.996,5.9,5.95,5.7,,,4.74867687696127,6.56926492895692,3.31803446893649,
2012-07-01,2012,7,0.381538461538462,4.69307692307692,5.58846153846154,5.56384615384615,,39.2097461538462,40.6182923076923,41.7900846153846,43.1414615384615,,3.95454545454545,4.16666666666667,4.73,5.875,5.6875,5.625,,,4.63238616097967,6.58398512347387,6.2200061744277,
2012-08-01,2012,8,0.473571428571429,4.23642857142857,5.52714285714286,5.16142857142857,,39.3303928571429,40.2381285714286,40.9920071428571,41.3151714285714,,3.61583333333333,4.03846153846154,4.69692307692308,5.36538461538461,5.13461538461539,4.84615384615385,,,3.65308751011997,4.25076190633707,2.55497190292088,
2012-09-01,2012,9,0.644615384615385,4.27428571428571,5.37214285714286,5.54928571428571,,39.3048071428571,40.6060214285714,41.3497428571429,41.9443214285714,,3.74916666666667,4.08846153846154,4.65076923076923,4.98076923076923,4.94230769230769,4.76923076923077,,,4.60077647751527,5.19404550629554,3.264748884387,
2012-10-01,2012,10,0.616923076923077,4.46615384615385,5.38769230769231,5.47692307692308,,39.5508,40.4429076923077,41.6188769230769,41.7222230769231,,3.87272727272727,3.91666666666667,4.30666666666667,4.9375,4.875,4.85416666666667,,,4.18059683747473,5.2267826778617,3.12659206277718,
2012-11-01,2012,11,0.688333333333333,4.42583333333333,6.0675,5.8375,,40.0269583333333,40.6809,42.0171583333333,42.360175,,3.756,3.80909090909091,3.81181818181818,4.93181818181818,4.93181818181818,5.02272727272727,,,4.79366306027821,4.97244084147734,4.13602919470892,
2012-12-01,2012,12,0.748,4.336,5.631,5.845,,40.49478,40.49478,42.33105,42.37105,,3.9075,3.97555555555556,3.69222222222222,4.97222222222222,4.97222222222222,5.19444444444444,,,4.31421947449768,4.53489744061768,4.63439992817987,
2013-01-01,2013,1,0.999230769230769,5.66615384615385,5.44076923076923,5.14615384615385,,40.6794615384615,42.5867307692308,42.7309692307692,44.3158692307692,,3.3,3.38333333333333,4.45666666666667,5,5.04166666666667,5.4375,,,5.41269992383854,5.05018571466056,4.04181673155241,
2013-02-01,2013,2,0.781428571428571,5.99214285714286,5.66357142857143,5.1,,40.7663285714286,42.6833928571429,43.0401214285714,44.5701928571429,,3.23333333333333,3.40769230769231,4.49076923076923,4.91666666666667,4.97916666666667,5.16666666666667,,,5.65196251768034,5.57286002238861,4.36959865556384,
2013-03-01,2013,3,0.524545454545455,5.96090909090909,5.59,5.15454545454545,,41.0470363636364,42.8588636363636,43.0526181818182,44.7529727272727,,3.12222222222222,3.612,4.598,5.025,5.025,5.375,,,6.08629612961297,4.88735106010721,4.41041981912692,
2013-04-01,2013,4,0.435,5.738,5.53133333333333,5.01266666666667,,41.0662857142857,42.5038333333333,42.9534266666667,44.2868466666667,,3.20416666666667,3.54285714285714,4.52214285714286,5,4.94642857142857,5.14285714285714,,,5.20750825082509,4.23830781757332,4.17135732954976,
2013-05-01,2013,5,0.359166666666667,5.44916666666667,5.335,5.17,,41.1548833333333,42.2547916666667,42.88025,44.135225,,2.298,3.10818181818182,4.12,4.95454545454545,4.93181818181818,4.95454545454545,,,4.59106848184819,4.19059720388982,4.4170528312492,
2013-06-01,2013,6,0.392142857142857,5.474,5.41533333333333,5.12933333333333,,41.5479666666667,42.6152466666667,43.25472,44.3773333333333,,2.26769230769231,2.91357142857143,4.02285714285714,4.33928571428571,4.26785714285714,4.32142857142857,,,5.48328382838284,4.10427427639155,4.11003689696828,
2013-07-01,2013,7,0.334615384615385,5.43307692307692,5.58384615384615,5.14538461538462,,41.9401307692308,42.7352769230769,43.6199692307692,44.4011769230769,,2.60909090909091,2.67416666666667,4.085,4.33333333333333,4.25,4.27083333333333,,,5.78038842345774,4.00633286107581,3.86917159214841,
2013-08-01,2013,8,0.591428571428571,5.39428571428571,5.71714285714286,5.42857142857143,,42.4042857142857,43.7628571428571,45.1085714285714,46.5671428571429,,3.18333333333333,2.95714285714286,3.86428571428571,4.25,4.21428571428571,4.22142857142857,,,8.32390381895333,6.35559285126591,6.30937564191472,
2013-09-01,2013,9,0.605333333333333,5.54733333333333,5.484,5.18866666666667,,42.7427066666667,45.2610866666667,44.41376,43.2304466666667,,2.34583333333333,2.46785714285714,3.75714285714286,6.23214285714286,6.23214285714286,6.33928571428571,,,12.0323927392739,3.90522963536077,-4.42078122790015,
2013-10-01,2013,10,0.485,5.50066666666667,5.5,5.222,,42.7384866666667,43.03578,44.5533733333333,45.20142,,2.55833333333333,2.48571428571429,3.85,6.25,6.21785714285714,6.11071428571429,,,6.52420792079208,4.24569442157058,5.02036732304793,
2013-11-01,2013,11,0.3625,5.18416666666667,5.305,5.0475,,42.5741666666667,42.9816666666667,45.0483333333333,45.5925,,2.85555555555556,2.73636363636364,4.02727272727273,6.25,6.18181818181818,6.09090909090909,,,6.39026402640265,5.81003195367835,6.0679587607377,
2013-12-01,2013,12,0.584375,4.120625,4.878125,4.709375,,42.86619375,42.87869375,44.86330625,44.94893125,,3.265,3.16666666666667,4.25333333333333,6.20666666666667,6.20666666666667,6.20666666666667,,,6.13538056930694,4.65897809642832,4.82813703317849,
2014-01-01,2014,1,0.578,4.63266666666667,4.75733333333333,4.38666666666667,,42.9674733333333,44.6368866666667,44.8040266666667,46.2781,,3.33538461538462,4.7,4.86666666666667,6.21666666666667,6.11666666666667,6.09666666666667,,,4.31616421282231,4.2703097925295,3.65067418399017,
2014-02-01,2014,2,0.394615384615385,4.69,4.69071428571429,4.51428571428571,,43.1440714285714,44.7384928571429,45.1161,46.6126357142857,,3.17272727272727,4.18571428571429,4.49285714285714,6.25,6.34857142857143,6.27714285714286,,,4.55361733382299,4.57537138473384,4.16759945024946,
2014-03-01,2014,3,0.401333333333333,4.512,4.5866666666666696,4.51666666666667,,43.3290333333333,44.8208866666667,45.2968733333333,46.5341,,3.33076923076923,4.54533333333333,4.906,6.25,6.26666666666667,6.25,,,4.74617122380619,4.53734630998863,3.81075849227816,
2014-04-01,2014,4,0.455333333333333,4.59733333333333,4.638,4.61066666666667,,43.33,44.822,45.3613333333333,46.4853333333333,,4.03461538461538,4.77866666666667,5.02666666666667,6.25,6.25,6.21666666666667,,,4.74877307782192,4.69038066987367,3.70858241036532,
2014-05-01,2014,5,0.391428571428571,4.30285714285714,4.44,4.41642857142857,,43.3242928571429,44.5273357142857,45.1742785714286,46.1851785714286,,3.87916666666667,4.60714285714286,4.9,6.25,6.21428571428571,6.32142857142857,,,4.060144225954,4.2748408783032,3.72581948945386,
2014-06-01,2014,6,0.262,4.24933333333333,4.38533333333333,4.36333333333333,,43.5413333333333,44.7353333333333,45.8973333333333,46.7773333333333,,4.60769230769231,4.88333333333333,4.85333333333333,6.25,6.25,6.31666666666667,,,4.54623354366285,5.40779864522456,4.53162988479974,
2014-07-01,2014,7,0.257692307692308,4.10153846153846,4.10076923076923,4.36461538461538,,43.5840769230769,44.3935846153846,45.4859923076923,46.3460538461538,,4.3,4.81923076923077,4.83769230769231,6.25,6.23076923076923,6.19230769230769,,,3.74756862674601,4.36583905576523,4.38811381003635,
2014-08-01,2014,8,0.496666666666667,4.355,4.36666666666667,4.61333333333333,,43.6541666666667,44.31,45.5227272727273,46.2627272727273,,3.83888888888889,4.54545454545455,4.69090909090909,6.25,6.18181818181818,6.15909090909091,,,3.5522318298668,4.27933543392213,4.3940102733396,
2014-09-01,2014,9,0.257857142857143,3.91214285714286,4.01,4.415,,43.835,44.28,45.1992857142857,45.8157142857143,,4.86666666666667,5.50214285714286,5.37142857142857,6.25,6.25,6.32692307692308,,,3.48212199111942,3.1124986919901,3.45617915206536,
2014-10-01,2014,10,0.275384615384615,3.85615384615385,3.65307692307692,4.58153846153846,,43.9361538461538,44.1923076923077,45.2607692307692,45.7938461538462,,4.54,5.275,4.825,6.125,6.1375,6.14583333333333,,,3.27718553939634,3.01608575550288,3.62085773849841,
2014-11-01,2014,11,0.182857142857143,3.62571428571429,3.61428571428571,3.975,,44.1228571428571,44.3707142857143,45.9307142857143,46.2328571428571,,5.09846153846154,5.82357142857143,5.23142857142857,6.16071428571429,6.125,6.125,,,3.69412078923647,4.09635688857663,4.19332944499453,
2014-12-01,2014,12,0.00142857142857143,2.744,3.36133333333333,3.80866666666667,,44.3206666666667,44.3206666666667,46.06,46.1233333333333,,4.94285714285714,5.93333333333333,5.26,6,6,6,,,3.57715977253252,3.92575158408308,4.06853805618375,
2015-01-01,2015,1,0.0344444444444445,3.46888888888889,3.34777777777778,3.94444444444444,,44.77,46.0433333333333,46.39,47.9677777777778,,5.19875,5.30666666666667,5.17777777777778,6.08333333333333,6.05555555555556,6.11111111111111,,,3.79470994890292,3.6258397820362,4.17477196118884,
2015-02-01,2015,2,0.148571428571429,3.63285714285714,3.36,3.88916666666667,,44.9372357142857,46.4757928571429,46.8723076923077,48.2625,,5.20285714285714,5.49071428571429,5.21,6.25,6.32142857142857,6.21428571428571,,,4.76959616127786,4.29797139046437,3.98951233733692,
2015-03-01,2015,3,0.344285714285714,3.35,3.53133333333333,3.66666666666667,,44.8213333333333,45.92,46.57,47.8173333333333,,5.56142857142857,5.57066666666667,5.48266666666667,6.25,6.25,6.38333333333333,,,3.51668169522092,3.90092440987211,4.12580647144585,
2015-04-01,2015,4,0.256,3.228,3.04133333333333,3.802,,44.8671428571429,45.9728571428571,46.425,47.4857142857143,,5.35769230769231,5.47357142857143,5.25285714285714,5.75,5.73214285714286,5.76785714285714,,,3.63583666108464,3.47372533766097,3.28286250052215,
2015-05-01,2015,5,0.539,3.03333333333333,2.39545454545455,3.96181818181818,,44.9341666666667,45.8616666666667,46.4663636363636,47.4827272727273,,5.16090909090909,5.69909090909091,5.412,5.18181818181818,5.11363636363636,4.97727272727273,,,3.38518184550646,3.45800605258977,3.61880654379033,
2015-06-01,2015,6,0.284285714285714,2.875,2.70642857142857,3.90071428571429,,44.9414285714286,45.7857142857143,46.5207142857143,47.3257142857143,,5.38071428571429,5.62928571428571,5.14428571428571,4.88461538461539,4.90384615384615,4.76923076923077,,,3.21396367383744,3.51414084092671,3.36116018858868,
2015-07-01,2015,7,0.475625,2.555625,2.973125,3.52625,,45.07,45.833125,46.65,47.369375,,5.224375,5.9375,5.58866666666667,5,5,5.03125,,,3.32084084761046,3.50394000138744,3.34348421910998,
2015-08-01,2015,8,0.432142857142857,2.63,3.00214285714286,3.555,,45.225,45.9621428571429,46.8407142857143,47.5114285714286,,5.26461538461538,5.77571428571429,5.26923076923077,5.01785714285714,5.08928571428571,5.21153846153846,,,3.61168362746361,3.57264134840015,3.37630255312154,
2015-09-01,2015,9,0.44375,2.21882352941176,2.63235294117647,3.38647058823529,,45.2729411764706,45.82,46.7447058823529,47.1735294117647,,5.611875,5.94823529411765,5.38058823529412,5.01470588235294,5.01470588235294,5.04411764705882,,,3.29125338142471,3.25049098235929,2.95636549778375,
2015-10-01,2015,10,0.353571428571429,2.21928571428571,3.31571428571429,3.8,,45.41,45.8178571428571,47.1235714285714,47.5785714285714,,5.89230769230769,6.16857142857143,5.32642857142857,5.05357142857143,5.125,5.13928571428571,,,3.28642277470051,3.77367106710815,3.84263884652795,
2015-11-01,2015,11,0.5225,2.9025,2.88833333333333,3.47333333333333,,45.4758333333333,45.6108333333333,46.7291666666667,47.3958333333333,,5.34090909090909,6.1575,5.33916666666667,4.97916666666667,5.04166666666667,5.04166666666667,,,2.8197324917343,2.75261972267003,3.91945443697679,
2015-12-01,2015,12,0.61,2.66166666666667,3.54833333333333,3.90666666666667,,45.6066666666667,45.5983333333333,47.2533333333333,47.3366666666667,,6.11666666666667,6.275,5.53333333333333,4.97916666666667,4.97916666666667,4.97916666666667,,,2.79155395250978,3.61123072397278,3.81317561453336,
2016-01-01,2016,1,0.181428571428571,3.23333333333333,2.99933333333333,3.74133333333333,,45.774,46.942,47.1966666666667,48.2193333333333,,5.75307692307692,5.854,5.45133333333333,4.98333333333333,5.05,5.25,,,3.05598243688255,3.10875793323948,2.7126830362328,
2016-02-01,2016,2,0.324516129032258,3.57323529411765,3.69764705882353,4.00882352941176,,45.7850181818182,47.1770878787879,47.5105090909091,48.8606484848485,,4.48866666666667,5.55322580645161,5.19677419354839,5.1,5.10833333333333,5.54,,,3.57209194025879,3.7677751995137,3.54921928166764,
2016-03-01,2016,3,0.3684,3.34793103448276,3.39607142857143,17.87,,45.8308,47.2024,47.6492,48.936,,5.00086956521739,5.82083333333333,5.2375,4.98958333333333,5.03125,5.35416666666667,,,3.62766190998903,3.96952429904345,3.65648459265137,
2016-04-01,2016,4,0.264705882352941,3.06666666666667,3.25652173913043,3.89583333333333,,45.9429166666667,46.7958333333333,47.3695652173913,48.2879166666667,,4.4,5.5695652173913,5.0304347826087,5.08695652173913,5.07391304347826,5.25217391304348,,,2.73508964507867,3.0885981840177,3.17903243820934,
2016-05-01,2016,5,0.138571428571429,2.6788,3.1364,3.7392,,45.9544,46.924,47.5176,48.6184,,5.08826086956522,5.6364,5.3168,5,4.98541666666667,5.11041666666667,,,3.01646542261252,3.40332616938927,3.61181413339525,
2016-06-01,2016,6,0.510869565217391,2.48130434782609,3.25391304347826,3.62608695652174,,45.9782608695652,46.9334782608696,48.0326086956522,48.925652173913,,5.60380952380952,6.08913043478261,5.56739130434783,5,4.97826086956522,5.01086956521739,,,3.03727389872573,4.47159662311861,4.2488401262503,
2016-07-01,2016,7,0.4632,2.8028,3.30333333333333,3.8556,,46.0536,46.8532,47.8779166666667,48.7396,,5.11125,5.872,5.06,5.008,5.01,5.066,,,2.86103183315039,3.97368358123194,4.01346500586528,
2016-08-01,2016,8,1,2.54545454545455,3.31578947368421,3.72727272727273,4.55555555555556,46.2104545454545,46.8027272727273,47.7785714285714,48.4018181818182,49.5205,5.76190476190476,6.04545454545455,5.54545454545455,5,5,5.18181818181818,,,2.75022452849017,3.40619861789106,3.40943731920361,3.64754666557657
2016-09-01,2016,9,0.4405,1.9255,2.762,3.219,3.17388888888889,46.1555,46.764,47.703,48.41,49.2216666666667,6.70294117647059,6.77105263157895,5.7578947368421,5,4.975,5.075,,,2.66520307354556,3.35253658990439,3.51473681439295,3.23751898639747
2016-10-01,2016,10,0.263125,1.848125,2.4875,3.185625,2.964,46.4775,46.8373333333333,48.141875,48.7564285714286,50.0442857142857,5.56785714285714,6.071875,5.6575,5.015625,5.04375,5.125,,,2.82619831686792,3.58169273057849,4.12292699669477,3.97978218347947
2016-11-01,2016,11,0.495454545454545,1.7895652173913,2.95086956521739,3.41478260869565,3.90571428571429,46.6257238095238,46.8438095238095,48.6419047619048,48.9533333333333,50.746,5.1235,6.24095238095238,5.23904761904762,5.4875,5.5875,5.6625,,,2.84041607861587,4.32425722548221,4.50061633361421,4.23491543563886
2016-12-01,2016,12,0.275,1.50681818181818,2.56227272727273,3.39714285714286,3.7585,46.7938095238095,46.7938095238095,48.287142857142896,48.287142857142896,49.8835,5.48,6.24285714285714,5.206,5.58333333333333,5.57142857142857,5.58333333333333,,,2.73064659453244,3.19049779508707,3.19049779508707,3.25742224584008
2017-01-01,2017,1,0.52,3.65947368421053,3.25157894736842,4.07842105263158,4.73944444444444,46.855,48.5826315789474,48.7678947368421,50.2642105263158,50.8694444444444,5.55888888888889,5.3225,5.04210526315789,5.5375,5.705,6.01052631578947,,,4.00905925700571,4.0972341146095,3.4631900544889,4.19772625416678
2017-02-01,2017,2,0.437727272727273,3.78545454545455,3.33545454545455,4.24363636363636,4.07545454545455,47.1604545454545,48.9059090909091,49.0945454545455,50.8363636363636,51.1359090909091,5.033,5.225,5.00227272727273,5.48809523809524,5.52380952380952,5.83333333333333,6.02857142857143,6.24333333333333,4.70115412311944,4.10168843883346,3.93304402226737,4.14226106392534
2017-03-01,2017,3,0.353461538461538,3.8768,3.765,4.4136,4.35958333333333,47.2773076923077,48.5292,49.2368,50.6532,51.2508333333333,5.47833333333333,5.3188,5.1192,5.61,5.61,6.18958333333333,6.30625,6.45217391304348,3.89466923570969,4.13261506282007,4.37991862734587,4.06185522926432
2017-04-01,2017,4,0.311,3.895,3.622,4.347,3.92,47.4295238095238,48.6552380952381,49.243,50.6880952380952,51.2557894736842,4.835,5.1452380952381,5.01904761904762,5.75952380952381,5.8547619047619,6.13095238095238,6.3075,6.525,4.16450031093576,3.82350892658244,4.17722269577048,4.07129750850043
2017-05-01,2017,5,0.336086956521739,3.87565217391304,4.04285714285714,4.3995652173913,4.39238095238095,47.5475,48.4773913043478,49.3321739130435,50.5165217391304,51.7072727272727,5.17047619047619,5.14260869565217,4.88260869565217,5.76086956521739,5.84090909090909,6.05681818181818,6.2125,6.4125,3.78375359526402,3.74976955716459,4.20613434506341,4.77075292099866
2017-06-01,2017,6,0.301333333333333,3.56705882352941,3.94533333333333,4.16941176470588,4.23533333333333,47.55,48.5217647058824,49.233125,50.8605882352941,51.190625,5.1975,5.23705882352941,5.01764705882353,5.78125,5.78125,6.05882352941176,6.246875,6.59375,3.87875124359313,3.55133737095634,4.82076785407985,3.97140990045651
2017-07-01,2017,7,0.18,3.25318181818182,3.64409090909091,3.902,3.97736842105263,47.6168181818182,48.4322727272727,49.3080952380952,51.012380952381,51.7415789473684,4.9055,5.18636363636364,4.96095238095238,5.69318181818182,5.9625,6.14473684210526,5.71428571428571,5.79047619047619,3.6871606235768,3.55027666099574,5.30446881527973,5.01512723976996
2017-08-01,2017,8,0.301428571428571,3.20217391304348,3.60478260869565,3.85521739130435,3.73428571428571,47.6220833333333,48.2621739130435,49.6945454545455,50.5763636363636,51.648,4.42238095238095,4.96782608695652,5.0295652173913,5.29545454545455,5.4875,5.68421052631579,5.26190476190476,5.27380952380952,3.32300131244589,4.34122236760998,4.73230633389136,3.80405083513633
2017-09-01,2017,9,0.493684210526316,3.32823529411765,3.66684210526316,3.88166666666667,4.17882352941176,47.7255789473684,48.3523529411765,49.3105263157895,49.8958823529412,51.1847058823529,4.21352941176471,4.73388888888889,4.86555555555556,5.26388888888889,5.47058823529412,5.76470588235294,5.30882352941176,5.53235294117647,3.51606281562078,3.33152469212992,3.42152121891491,3.49911946526768
2017-10-01,2017,10,0.5685,3.59473684210526,3.89526315789474,4.0252380952381,3.77647058823529,47.9608,48.313,49.5515,50.301,51.5817647058823,4.51058823529412,4.703,4.706,5.23529411764706,5.23529411764706,5.772,5.16470588235294,5.46875,3.43181331620637,3.31851364009503,4.10844516135048,4.20678675432485
2017-11-01,2017,11,0.504583333333333,3.5296,3.87625,3.9896,4.07772727272727,48.033488,48.35625,49.7368181818182,50.14125,51.7622727272727,4.72666666666667,4.5532,4.762,5.24,5.26041666666667,5.26041666666667,5.60909090909091,5.84523809523809,3.52440590879897,3.57327910571076,3.86894217104334,4.15281038585701
2017-12-01,2017,12,0.566923076923077,3.83461538461538,4.20166666666667,4.12923076923077,3.84230769230769,48.3425,48.3463636363636,50.1275,50.0936363636364,51.7991666666667,4.491,4.54,4.87916666666667,5.29545454545455,5.29545454545455,5.29545454545455,5.815,6.125,3.50324049746015,3.69217200137341,3.61374532655003,3.33293515654445
2018-01-01,2018,1,0.604090909090909,4.55545454545455,3.96136363636364,4.58409090909091,4.369,48.5019047619048,50.3514285714286,50.5533333333333,51.9963157894737,52.5878947368421,4.21526315789474,4.7605,4.722,5.15263157894737,5.23684210526316,5.45526315789474,5.46111111111111,5.67235294117647,4.24726412304052,4.22847668509655,3.45122529435758,4.53287895868368
2018-02-01,2018,2,0.331363636363636,4.19045454545455,3.77590909090909,4.40272727272727,4.3395,48.9277272727273,50.2922727272727,50.6977272727273,52.1331818181818,52.9442857142857,4.585,5.08681818181818,5.00772727272727,5.08095238095238,5.39,5.75,5.755,5.91578947368421,4.12478825522304,3.61734406876064,3.655677535347,4.45224754592839
2018-03-01,2018,3,0.269333333333333,4.09,3.816,3.95666666666667,3.98307692307692,49.3086666666667,50.636,51.1235714285714,52.464,53.3321428571429,4.94785714285714,5.18214285714286,5.21615384615385,5.26666666666667,5.26666666666667,5.584,5.73214285714286,5.96428571428571,4.83643892339545,3.6885444514035,3.60721491784315,4.31476442251743
2018-04-01,2018,4,0.362380952380952,4.15952380952381,4.265,4.468,4.56789473684211,49.502380952381,50.767619047619,51.7065,52.9080952380952,54.2794736842105,4.83,5.00952380952381,4.85142857142857,5.29,5.395,5.6,5.71842105263158,6.07352941176471,5.10894212757567,4.44697039667652,4.21027435868538,4.83025750873749
2018-05-01,2018,5,0.400454545454545,4.25409090909091,4.3935,4.39181818181818,4.30157894736842,49.5213636363636,50.6004545454545,51.3109523809524,52.6895454545455,54.3209523809524,5.366,5.29545454545455,4.92636363636364,5.28636363636364,5.39772727272727,5.56190476190476,5.72857142857143,5.95,4.76284584980237,3.60831130755083,4.11696872133566,5.86927749264275
2018-06-01,2018,6,0.327692307692308,4.3662962962963,4.46,4.42884615384615,4.63416666666667,49.5522222222222,50.4948148148148,51.4784615384615,52.6548148148148,53.9379166666667,5.26653846153846,5.49814814814815,5.07846153846154,5.30555555555556,5.3337037037037,5.61730769230769,5.79,6.11458333333333,4.54413005137643,3.88388796123924,4.26525535024036,4.70273687316496
2018-07-01,2018,7,0.338095238095238,4.44909090909091,4.56954545454545,4.53772727272727,4.62631578947368,49.6331818181818,50.3168181818182,51.655454545454504,52.4357142857143,53.7910526315789,5.5695,5.70136363636364,5.03227272727273,5.22954545454545,5.36590909090909,5.54090909090909,5.79761904761905,6.02272727272727,4.17560700169396,4.07457713115501,4.35502891052147,4.37498080257912
2018-08-01,2018,8,0.363461538461538,4.22884615384615,4.67269230769231,4.43384615384615,4.3712,49.8,50.3304,51.5816,52.3324,53.6221739130435,5.61130434782609,5.908,5.2348,5.51041666666667,5.58333333333333,5.75869565217391,5.85,6.02826086956522,4.20372670807454,3.57663678621535,3.96484348503925,4.07984127425294
2018-09-01,2018,9,0.275576923076923,3.90769230769231,4.23076923076923,4.36038461538462,4.39625,49.8832,50.3616,51.856,52.3704,54.005652173913,5.44782608695652,5.8836,5.1632,5.55,5.55208333333333,5.748,5.81521739130435,6.15045454545455,4.26832298136646,3.95620302248508,3.98873739547091,4.16953640762762
2018-10-01,2018,10,0.215263157894737,3.54842105263158,4.26894736842105,4.29684210526316,4.40333333333333,50.0145052631579,50.3409052631579,51.9544526315789,52.4621631578947,53.8917666666667,5.70444444444444,6.02684210526316,5.05421052631579,5.51052631578947,5.65526315789474,5.66842105263158,5.96842105263158,6.125,4.22547673531656,3.87817864409841,4.2115555268818,3.72208038017774
2018-11-01,2018,11,0.345217391304348,3.12130434782609,4.16260869565217,3.99260869565217,4.13227272727273,50.2873913043478,50.5678260869565,52.235,52.5952173913043,54.6392727272727,5.65090909090909,6.34130434782609,5.49434782608696,5.4304347826087,5.50434782608696,5.51521739130435,5.85318181818182,6.16904761904762,4.69529210550005,3.87420980032501,4.00684073642648,4.5675091733385
2018-12-01,2018,12,0.319090909090909,2.24086956521739,3.51434782608696,3.78347826086957,3.95,50.404347826087,50.3573913043478,52.5269565217391,52.5204347826087,54.6936363636364,5.64636363636364,6.45086956521739,5.49086956521739,5.50681818181818,5.52863636363636,5.54090909090909,5.84545454545455,6.05952380952381,4.2596093257719,4.21193664694074,4.29521452658241,4.09273811576772
2019-01-01,2019,1,0.168421052631579,3.62095238095238,3.214,4.15333333333333,3.62944444444444,50.5915,52.6438095238095,53.0545,54.814,55.5615789473684,5.49777777777778,5.537,5.167,5.52631578947368,5.55263157894737,5.73684210526316,5.79166666666667,5.98611111111111,4.70129181346365,4.88169434000785,4.06870546112367,4.73570303017968
2019-02-01,2019,2,0.168695652173913,3.14916666666667,3.04130434782609,3.78083333333333,3.51863636363636,50.6083333333333,52.3391666666667,52.9058333333333,54.0808333333333,54.6304347826087,5.36608695652174,5.71916666666667,5.4495652173913,5.56521739130435,5.59782608695652,5.76086956521739,5.79761904761905,6.03409090909091,4.09539909838239,4.53808604931482,3.32079622986955,3.26286824917158
2019-03-01,2019,3,0.424545454545455,3.24954545454545,3.72954545454545,3.835,3.6452380952381,50.6313636363636,52.0277272727273,52.4604545454545,53.7240909090909,54.4077272727273,5.26238095238095,5.66363636363636,5.3947619047619,5.5,5.5,5.625,5.70454545454545,6.06904761904762,3.47598900701526,3.61236785061557,3.25472079907084,3.70298549134724
2019-04-01,2019,4,0.483157894736842,3.503,3.17526315789474,3.8745,3.42,50.64,52.11,52.8894736842105,54.342,55.2284210526316,5.305,5.662,5.15421052631579,5.5,5.48684210526316,5.63157894736842,5.75,6.05555555555556,3.63961813842482,4.44421638518439,4.26591006824097,4.38014266898422
2019-05-01,2019,5,0.500454545454545,3.48772727272727,3.59636363636364,3.76136363636364,3.95857142857143,50.6059090909091,51.6777272727273,52.3854545454545,53.4986363636364,54.6663636363636,5.43428571428571,5.555,5.13863636363636,5.48863636363636,5.47727272727273,5.55681818181818,5.64772727272727,5.90476190476191,2.77988717726187,3.51429709910749,3.50530735157548,4.31351134037127
2019-06-01,2019,6,0.214736842105263,3.024,3.1925,3.4645,3.4665,50.8205,51.744,52.511,53.5285,54.404,5.38263157894737,5.531,5.152,5.475,5.475,5.4525,5.475,5.71052631578947,2.91169451073986,3.32378088552169,3.43934734937626,3.59170331936083
2019-07-01,2019,7,0.218157894736842,2.6595,3.08368421052632,3.6,3.64473684210526,51.0015789473684,51.816,52.7663157894737,53.7145,54.6121052631579,4.88789473684211,5.377,5.2365,5,4.94736842105263,4.96315789473684,5.16666666666667,5.27777777777778,3.05489260143198,3.45827979314821,3.66044770784376,3.48350141087745
2019-08-01,2019,8,0.439473684210526,2.96736842105263,3.54578947368421,3.60315789473684,3.55894736842105,51.3078947368421,51.9568421052632,53.1815789473684,53.7831578947368,54.9642105263158,4.85666666666667,5.06368421052632,4.97473684210526,4.73684210526316,4.71052631578947,4.69736842105263,4.84722222222222,5.04444444444444,3.33500816480341,3.65022996835769,3.51172210531263,3.33025446637946
2019-09-01,2019,9,0.501111111111111,2.86722222222222,3.37444444444444,3.66666666666667,3.80529411764706,51.6033333333333,52.1766666666667,53.505,54.0633333333333,55.5688235294118,4.68176470588235,4.92,4.845,4.41666666666667,4.40277777777778,4.26388888888889,4.625,4.80882352941176,3.77220896313975,3.68351690365299,3.61279735487431,3.72680902406798
2019-10-01,2019,10,0.416666666666667,3.29142857142857,3.3052380952381,3.71904761904762,3.74095238095238,52.882380952381,52.882380952381,55.027619047619,55.6461904761905,57.5795238095238,4.738,4.96095238095238,4.81714285714286,4.45238095238095,4.45238095238095,4.45238095238095,4.80952380952381,5.14285714285714,5.17577755047922,4.05995166958501,5.22987473595459,4.59370297159227
2019-11-01,2019,11,0.452105263157895,3.5665,2.99631578947368,3.98,3.46315789473684,52.8357894736842,53.0625,55.0473684210526,55.324,57.4026315789474,4.91666666666667,4.8405,4.963,4.51315789473684,4.5,4.5,4.83333333333333,4.95833333333333,5.53400954653938,4.18831726470725,4.26283505573271,4.25614085478608
2019-12-01,2019,12,0.644444444444444,3.72388888888889,3.49277777777778,4.14,3.95588235294118,53.0338888888889,53.0338888888889,55.24,55.24,57.2816666666667,4.92058823529412,4.83777777777778,4.82555555555556,4.5,4.47222222222222,4.47222222222222,4.875,5.04411764705882,5.47710598426588,4.16047437153493,4.16047437153493,3.68206606859327
2020-01-01,2020,1,0.302727272727273,4.1,3.94636363636364,4.10409090909091,4.05772727272727,53.1886363636364,55.2685714285714,55.8009090909091,57.8980952380952,59.405,4.56380952380952,4.72681818181818,5.14090909090909,4.48863636363636,4.57142857142857,4.9875,5.03409090909091,5.36363636363636,4.35908502373759,4.90464495492029,4.73269250731695,6.36438407660659
2020-02-01,2020,2,0.301176470588235,4.05055555555556,3.40277777777778,4.14833333333333,3.99666666666667,53.55,55.5111111111111,55.7822222222222,57.5988888888889,58.505,4.89823529411765,4.875,4.97777777777778,4.50277777777778,4.47222222222222,4.80833333333333,4.92058823529412,5.10294117647059,4.81705270224908,4.1676059763501,3.7525567318607,4.86502422068548
2020-03-01,2020,3,-0.0652941176470588,3.13722222222222,3.92333333333333,3.98944444444444,4.14411764705882,53.9733333333333,55.7627777777778,56.5833333333333,58.2761111111111,59.3205555555556,4.18058823529412,4.185,4.73333333333333,4.40277777777778,4.40277777777778,3.94944444444444,4.61764705882353,4.80882352941176,5.29225411211816,4.82620109096165,4.48216837793115,4.77672230419468
2020-04-01,2020,4,-0.0107142857142857,3.884,4.29866666666667,4.27214285714286,4.21333333333333,54.068,56.9373333333333,58.0746666666667,60.5,61.5506666666667,-3.79,-0.850666666666667,4.684,3.42857142857143,3.19642857142857,3.44642857142857,3.82142857142857,4.375,7.51007049345418,7.55919366882002,6.28688884093117,5.90981726138055
2020-05-01,2020,5,-0.182105263157895,2.70631578947368,2.71842105263158,3.81473684210526,3.91210526315789,57.0534,61.2215789473684,62.7247368421053,64.1931578947368,65.9163157894737,-3.15,-1.53894736842105,4.17222222222222,,3.53157894736842,3.65789473684211,4.03947368421053,4.69444444444444,15.5996581332485,9.94040117171853,4.86033557847633,5.05872507186308
2020-06-01,2020,6,0.254,2.313,3.413,3.8135,3.7975,58.7325,60.811,62.4385,63.8495,65.6675,-6.42894736842105,-2.522,4.06,3.5,3.5,3.525,3.975,4.525,14.8243957703927,6.31927739731168,4.9946858227753,5.14946393824604
